id,name
1,Vlieland
2,Oosterend
3,West-Terschelling
4,Hollum
5,Nes
6,Schiermonnikoog
7,Dokkum
8,Gytsjerk
9,Holwerd
10,Anjum
11,Kollum
12,Surhuisterveen
13,Leeuwarden-stad
14,Hurdegaryp
15,Stiens
16,Harlingen
17,Franeker
18,Dronrijp
19,Grou
20,Wommels
21,Sneek-stad
22,Bolsward
23,Workum
24,Heeg
25,Stavoren
26,Heerenveen
27,Joure
28,Lemmer
29,Echternerbrug
30,Munnekeburen
31,Wolvega
32,Beetsterzwaag
33,Jubbega
34,Noordwolde
35,Burgum
36,Opeinde
37,Drachten
38,Ureterp
39,Oosterwolde
